﻿<?xml version="1.0" encoding="utf-8"?>
<abapGit version="v1.0.0" serializer="LCL_OBJECT_DTEL" serializer_version="v1.0.0">
 <asx:abap xmlns:asx="http://www.sap.com/abapxml" version="1.0">
  <asx:values>
   <DD04V>
    <ROLLNAME>/DMO/CURRENCY_CODE</ROLLNAME>
    <DDLANGUAGE>E</DDLANGUAGE>
    <HEADLEN>55</HEADLEN>
    <SCRLEN1>10</SCRLEN1>
    <SCRLEN2>20</SCRLEN2>
    <SCRLEN3>40</SCRLEN3>
    <DDTEXT>Flight Reference Scenario: Currency Code</DDTEXT>
    <REPTEXT>Currency Code</REPTEXT>
    <SCRTEXT_S>Currency</SCRTEXT_S>
    <SCRTEXT_M>Currency Code</SCRTEXT_M>
    <SCRTEXT_L>Currency Code</SCRTEXT_L>
    <DTELMASTER>E</DTELMASTER>
    <DATATYPE>CUKY</DATATYPE>
    <LENG>000005</LENG>
    <OUTPUTLEN>000005</OUTPUTLEN>
   </DD04V>
  </asx:values>
 </asx:abap>
</abapGit>
