﻿<?xml version="1.0" encoding="utf-8"?>
<abapGit version="v1.0.0" serializer="LCL_OBJECT_DOMA" serializer_version="v1.0.0">
 <asx:abap xmlns:asx="http://www.sap.com/abapxml" version="1.0">
  <asx:values>
   <DD01V>
    <DOMNAME>/DMO/TEXT</DOMNAME>
    <DDLANGUAGE>E</DDLANGUAGE>
    <DATATYPE>SSTR</DATATYPE>
    <LENG>001024</LENG>
    <LOWERCASE>X</LOWERCASE>
    <DDTEXT>Flight Reference Scenario: Text</DDTEXT>
    <DOMMASTER>E</DOMMASTER>
   </DD01V>
  </asx:values>
 </asx:abap>
</abapGit>
