﻿<?xml version="1.0" encoding="utf-8"?>
<abapGit version="v1.0.0" serializer="LCL_OBJECT_TABL" serializer_version="v1.0.0">
 <asx:abap xmlns:asx="http://www.sap.com/abapxml" version="1.0">
  <asx:values>
   <DD02V>
    <TABNAME>/DMO/AGENCY</TABNAME>
    <DDLANGUAGE>E</DDLANGUAGE>
    <TABCLASS>TRANSP</TABCLASS>
    <CLIDEP>X</CLIDEP>
    <DDTEXT>Flight Reference Scenario: Managing Agencies</DDTEXT>
    <MASTERLANG>E</MASTERLANG>
    <CONTFLAG>A</CONTFLAG>
    <EXCLASS>1</EXCLASS>
   </DD02V>
   <DD09L>
    <TABNAME>/DMO/AGENCY</TABNAME>
    <AS4LOCAL>A</AS4LOCAL>
    <TABKAT>0</TABKAT>
    <TABART>APPL0</TABART>
    <BUFALLOW>N</BUFALLOW>
   </DD09L>
   <DD03P_TABLE>
    <DD03P>
     <TABNAME>/DMO/AGENCY</TABNAME>
     <FIELDNAME>CLIENT</FIELDNAME>
     <DDLANGUAGE>E</DDLANGUAGE>
     <POSITION>0001</POSITION>
     <KEYFLAG>X</KEYFLAG>
     <ADMINFIELD>0</ADMINFIELD>
     <INTTYPE>C</INTTYPE>
     <INTLEN>000006</INTLEN>
     <NOTNULL>X</NOTNULL>
     <DATATYPE>CLNT</DATATYPE>
     <LENG>000003</LENG>
     <MASK>  CLNT</MASK>
    </DD03P>
    <DD03P>
     <TABNAME>/DMO/AGENCY</TABNAME>
     <FIELDNAME>AGENCY_ID</FIELDNAME>
     <POSITION>0002</POSITION>
     <KEYFLAG>X</KEYFLAG>
     <ROLLNAME>/DMO/AGENCY_ID</ROLLNAME>
     <ADMINFIELD>0</ADMINFIELD>
     <NOTNULL>X</NOTNULL>
     <COMPTYPE>E</COMPTYPE>
    </DD03P>
    <DD03P>
     <TABNAME>/DMO/AGENCY</TABNAME>
     <FIELDNAME>NAME</FIELDNAME>
     <POSITION>0003</POSITION>
     <ROLLNAME>/DMO/AGENCY_NAME</ROLLNAME>
     <ADMINFIELD>0</ADMINFIELD>
     <COMPTYPE>E</COMPTYPE>
    </DD03P>
    <DD03P>
     <TABNAME>/DMO/AGENCY</TABNAME>
     <FIELDNAME>STREET</FIELDNAME>
     <POSITION>0004</POSITION>
     <ROLLNAME>/DMO/STREET</ROLLNAME>
     <ADMINFIELD>0</ADMINFIELD>
     <COMPTYPE>E</COMPTYPE>
    </DD03P>
    <DD03P>
     <TABNAME>/DMO/AGENCY</TABNAME>
     <FIELDNAME>POSTAL_CODE</FIELDNAME>
     <POSITION>0005</POSITION>
     <ROLLNAME>/DMO/POSTAL_CODE</ROLLNAME>
     <ADMINFIELD>0</ADMINFIELD>
     <COMPTYPE>E</COMPTYPE>
    </DD03P>
    <DD03P>
     <TABNAME>/DMO/AGENCY</TABNAME>
     <FIELDNAME>CITY</FIELDNAME>
     <POSITION>0006</POSITION>
     <ROLLNAME>/DMO/CITY</ROLLNAME>
     <ADMINFIELD>0</ADMINFIELD>
     <COMPTYPE>E</COMPTYPE>
    </DD03P>
    <DD03P>
     <TABNAME>/DMO/AGENCY</TABNAME>
     <FIELDNAME>COUNTRY_CODE</FIELDNAME>
     <POSITION>0007</POSITION>
     <ROLLNAME>LAND1</ROLLNAME>
     <ADMINFIELD>0</ADMINFIELD>
     <COMPTYPE>E</COMPTYPE>
    </DD03P>
    <DD03P>
     <TABNAME>/DMO/AGENCY</TABNAME>
     <FIELDNAME>PHONE_NUMBER</FIELDNAME>
     <POSITION>0008</POSITION>
     <ROLLNAME>/DMO/PHONE_NUMBER</ROLLNAME>
     <ADMINFIELD>0</ADMINFIELD>
     <COMPTYPE>E</COMPTYPE>
    </DD03P>
    <DD03P>
     <TABNAME>/DMO/AGENCY</TABNAME>
     <FIELDNAME>EMAIL_ADDRESS</FIELDNAME>
     <POSITION>0009</POSITION>
     <ROLLNAME>/DMO/EMAIL_ADDRESS</ROLLNAME>
     <ADMINFIELD>0</ADMINFIELD>
     <COMPTYPE>E</COMPTYPE>
    </DD03P>
    <DD03P>
     <TABNAME>/DMO/AGENCY</TABNAME>
     <FIELDNAME>WEB_ADDRESS</FIELDNAME>
     <POSITION>0010</POSITION>
     <ROLLNAME>/DMO/WEB_ADDRESS</ROLLNAME>
     <ADMINFIELD>0</ADMINFIELD>
     <COMPTYPE>E</COMPTYPE>
    </DD03P>
   </DD03P_TABLE>
  </asx:values>
 </asx:abap>
</abapGit>
