﻿<?xml version="1.0" encoding="utf-8"?>
<abapGit version="v1.0.0" serializer="LCL_OBJECT_TABL" serializer_version="v1.0.0">
 <asx:abap xmlns:asx="http://www.sap.com/abapxml" version="1.0">
  <asx:values>
   <DD02V>
    <TABNAME>/DMO/TRAVEL_DATA</TABNAME>
    <DDLANGUAGE>E</DDLANGUAGE>
    <TABCLASS>INTTAB</TABCLASS>
    <DDTEXT>Flight Reference Scenario: Managing Travels - Data Include</DDTEXT>
    <MASTERLANG>E</MASTERLANG>
    <EXCLASS>1</EXCLASS>
   </DD02V>
   <DD03P_TABLE>
    <DD03P>
     <TABNAME>/DMO/TRAVEL_DATA</TABNAME>
     <FIELDNAME>AGENCY_ID</FIELDNAME>
     <POSITION>0001</POSITION>
     <ROLLNAME>/DMO/AGENCY_ID</ROLLNAME>
     <ADMINFIELD>0</ADMINFIELD>
     <COMPTYPE>E</COMPTYPE>
    </DD03P>
    <DD03P>
     <TABNAME>/DMO/TRAVEL_DATA</TABNAME>
     <FIELDNAME>CUSTOMER_ID</FIELDNAME>
     <POSITION>0002</POSITION>
     <ROLLNAME>/DMO/CUSTOMER_ID</ROLLNAME>
     <ADMINFIELD>0</ADMINFIELD>
     <COMPTYPE>E</COMPTYPE>
    </DD03P>
    <DD03P>
     <TABNAME>/DMO/TRAVEL_DATA</TABNAME>
     <FIELDNAME>BEGIN_DATE</FIELDNAME>
     <POSITION>0003</POSITION>
     <ROLLNAME>/DMO/BEGIN_DATE</ROLLNAME>
     <ADMINFIELD>0</ADMINFIELD>
     <SHLPORIGIN>T</SHLPORIGIN>
     <COMPTYPE>E</COMPTYPE>
    </DD03P>
    <DD03P>
     <TABNAME>/DMO/TRAVEL_DATA</TABNAME>
     <FIELDNAME>END_DATE</FIELDNAME>
     <POSITION>0004</POSITION>
     <ROLLNAME>/DMO/END_DATE</ROLLNAME>
     <ADMINFIELD>0</ADMINFIELD>
     <SHLPORIGIN>T</SHLPORIGIN>
     <COMPTYPE>E</COMPTYPE>
    </DD03P>
    <DD03P>
     <TABNAME>/DMO/TRAVEL_DATA</TABNAME>
     <FIELDNAME>BOOKING_FEE</FIELDNAME>
     <POSITION>0005</POSITION>
     <ROLLNAME>/DMO/BOOKING_FEE</ROLLNAME>
     <ADMINFIELD>0</ADMINFIELD>
     <REFTABLE>/DMO/TRAVEL_DATA</REFTABLE>
     <REFFIELD>CURRENCY_CODE</REFFIELD>
     <COMPTYPE>E</COMPTYPE>
    </DD03P>
    <DD03P>
     <TABNAME>/DMO/TRAVEL_DATA</TABNAME>
     <FIELDNAME>TOTAL_PRICE</FIELDNAME>
     <POSITION>0006</POSITION>
     <ROLLNAME>/DMO/TOTAL_PRICE</ROLLNAME>
     <ADMINFIELD>0</ADMINFIELD>
     <REFTABLE>/DMO/TRAVEL_DATA</REFTABLE>
     <REFFIELD>CURRENCY_CODE</REFFIELD>
     <COMPTYPE>E</COMPTYPE>
    </DD03P>
    <DD03P>
     <TABNAME>/DMO/TRAVEL_DATA</TABNAME>
     <FIELDNAME>CURRENCY_CODE</FIELDNAME>
     <POSITION>0007</POSITION>
     <ROLLNAME>/DMO/CURRENCY_CODE</ROLLNAME>
     <ADMINFIELD>0</ADMINFIELD>
     <COMPTYPE>E</COMPTYPE>
    </DD03P>
    <DD03P>
     <TABNAME>/DMO/TRAVEL_DATA</TABNAME>
     <FIELDNAME>DESCRIPTION</FIELDNAME>
     <POSITION>0008</POSITION>
     <ROLLNAME>/DMO/DESCRIPTION</ROLLNAME>
     <ADMINFIELD>0</ADMINFIELD>
     <COMPTYPE>E</COMPTYPE>
    </DD03P>
    <DD03P>
     <TABNAME>/DMO/TRAVEL_DATA</TABNAME>
     <FIELDNAME>STATUS</FIELDNAME>
     <POSITION>0009</POSITION>
     <ROLLNAME>/DMO/TRAVEL_STATUS</ROLLNAME>
     <ADMINFIELD>0</ADMINFIELD>
     <VALEXI>X</VALEXI>
     <SHLPORIGIN>F</SHLPORIGIN>
     <COMPTYPE>E</COMPTYPE>
    </DD03P>
   </DD03P_TABLE>
  </asx:values>
 </asx:abap>
</abapGit>
