﻿<?xml version="1.0" encoding="utf-8"?>
<abapGit version="v1.0.0" serializer="LCL_OBJECT_DOMA" serializer_version="v1.0.0">
 <asx:abap xmlns:asx="http://www.sap.com/abapxml" version="1.0">
  <asx:values>
   <DD01V>
    <DOMNAME>/DMO/CARRIER_NAME</DOMNAME>
    <DDLANGUAGE>E</DDLANGUAGE>
    <DATATYPE>CHAR</DATATYPE>
    <LENG>000040</LENG>
    <OUTPUTLEN>000040</OUTPUTLEN>
    <LOWERCASE>X</LOWERCASE>
    <DDTEXT>Flight Reference Scenario: Carrier Name</DDTEXT>
    <DOMMASTER>E</DOMMASTER>
   </DD01V>
  </asx:values>
 </asx:abap>
</abapGit>
