﻿<?xml version="1.0" encoding="utf-8"?>
<abapGit version="v1.0.0" serializer="LCL_OBJECT_ENQU" serializer_version="v1.0.0">
 <asx:abap xmlns:asx="http://www.sap.com/abapxml" version="1.0">
  <asx:values>
   <DD25V>
    <VIEWNAME>/DMO/ETRAVEL</VIEWNAME>
    <DDLANGUAGE>E</DDLANGUAGE>
    <AGGTYPE>E</AGGTYPE>
    <ROOTTAB>/DMO/TRAVEL</ROOTTAB>
    <DDTEXT>Flight Reference Scenario: Lock Travel</DDTEXT>
   </DD25V>
   <DD26E_TABLE>
    <DD26E>
     <VIEWNAME>/DMO/ETRAVEL</VIEWNAME>
     <TABNAME>/DMO/TRAVEL</TABNAME>
     <TABPOS>0001</TABPOS>
     <FORTABNAME>/DMO/TRAVEL</FORTABNAME>
     <ENQMODE>E</ENQMODE>
    </DD26E>
   </DD26E_TABLE>
   <DD27P_TABLE>
    <DD27P>
     <VIEWNAME>/DMO/ETRAVEL</VIEWNAME>
     <OBJPOS>0001</OBJPOS>
     <VIEWFIELD>CLIENT</VIEWFIELD>
     <TABNAME>/DMO/TRAVEL</TABNAME>
     <FIELDNAME>CLIENT</FIELDNAME>
     <KEYFLAG>X</KEYFLAG>
     <ENQMODE>E</ENQMODE>
    </DD27P>
    <DD27P>
     <VIEWNAME>/DMO/ETRAVEL</VIEWNAME>
     <OBJPOS>0002</OBJPOS>
     <VIEWFIELD>TRAVEL_ID</VIEWFIELD>
     <TABNAME>/DMO/TRAVEL</TABNAME>
     <FIELDNAME>TRAVEL_ID</FIELDNAME>
     <KEYFLAG>X</KEYFLAG>
     <ENQMODE>E</ENQMODE>
    </DD27P>
   </DD27P_TABLE>
  </asx:values>
 </asx:abap>
</abapGit>
