﻿<?xml version="1.0" encoding="utf-8"?>
<abapGit version="v1.0.0" serializer="LCL_OBJECT_INTF" serializer_version="v1.0.0">
 <asx:abap xmlns:asx="http://www.sap.com/abapxml" version="1.0">
  <asx:values>
   <VSEOINTERF>
    <CLSNAME>/DMO/IF_FLIGHT_LEGACY</CLSNAME>
    <LANGU>E</LANGU>
    <DESCRIPT>Flight Reference Scenario: Constants and types</DESCRIPT>
    <EXPOSURE>2</EXPOSURE>
    <STATE>1</STATE>
    <UNICODE>5</UNICODE>
   </VSEOINTERF>
  </asx:values>
 </asx:abap>
</abapGit>
