﻿<?xml version="1.0" encoding="utf-8"?>
<abapGit version="v1.0.0" serializer="LCL_OBJECT_FUGR" serializer_version="v1.0.0">
 <asx:abap xmlns:asx="http://www.sap.com/abapxml" version="1.0">
  <asx:values>
   <AREAT>Flight Reference Scenario: Travel API</AREAT>
   <INCLUDES>
    <SOBJ_NAME>/DMO/LFLIGHT_TRAVEL_APITOP</SOBJ_NAME>
    <SOBJ_NAME>/DMO/SAPLFLIGHT_TRAVEL_API</SOBJ_NAME>
   </INCLUDES>
   <FUNCTIONS>
    <item>
     <FUNCNAME>/DMO/FLIGHT_TRAVEL_CALC_PRICE</FUNCNAME>
     <SHORT_TEXT>Flight Reference Scenario: Calculate price</SHORT_TEXT>
     <IMPORT>
      <RSIMP>
       <PARAMETER>IT_FLIGHT</PARAMETER>
       <OPTIONAL>X</OPTIONAL>
       <REFERENCE>X</REFERENCE>
       <TYP>/DMO/IF_FLIGHT_LEGACY=&gt;TT_FLIGHT</TYP>
      </RSIMP>
     </IMPORT>
     <DOCUMENTATION>
      <RSFDO>
       <PARAMETER>IT_FLIGHT</PARAMETER>
       <KIND>P</KIND>
       <INDEX> 001</INDEX>
      </RSFDO>
     </DOCUMENTATION>
    </item>
    <item>
     <FUNCNAME>/DMO/FLIGHT_TRAVEL_CREATE</FUNCNAME>
     <SHORT_TEXT>Flight Reference Scenario: Create Travel Business Object</SHORT_TEXT>
     <IMPORT>
      <RSIMP>
       <PARAMETER>IS_TRAVEL</PARAMETER>
       <REFERENCE>X</REFERENCE>
       <TYP>/DMO/IF_FLIGHT_LEGACY=&gt;TS_TRAVEL_IN</TYP>
      </RSIMP>
      <RSIMP>
       <PARAMETER>IT_BOOKING</PARAMETER>
       <OPTIONAL>X</OPTIONAL>
       <REFERENCE>X</REFERENCE>
       <TYP>/DMO/IF_FLIGHT_LEGACY=&gt;TT_BOOKING_IN</TYP>
      </RSIMP>
      <RSIMP>
       <PARAMETER>IT_BOOKING_SUPPLEMENT</PARAMETER>
       <OPTIONAL>X</OPTIONAL>
       <REFERENCE>X</REFERENCE>
       <TYP>/DMO/IF_FLIGHT_LEGACY=&gt;TT_BOOKING_SUPPLEMENT_IN</TYP>
      </RSIMP>
     </IMPORT>
     <EXPORT>
      <RSEXP>
       <PARAMETER>ES_TRAVEL</PARAMETER>
       <REFERENCE>X</REFERENCE>
       <TYP>/DMO/TRAVEL</TYP>
      </RSEXP>
      <RSEXP>
       <PARAMETER>ET_BOOKING</PARAMETER>
       <REFERENCE>X</REFERENCE>
       <TYP>/DMO/IF_FLIGHT_LEGACY=&gt;TT_BOOKING</TYP>
      </RSEXP>
      <RSEXP>
       <PARAMETER>ET_BOOKING_SUPPLEMENT</PARAMETER>
       <REFERENCE>X</REFERENCE>
       <TYP>/DMO/IF_FLIGHT_LEGACY=&gt;TT_BOOKING_SUPPLEMENT</TYP>
      </RSEXP>
      <RSEXP>
       <PARAMETER>ET_MESSAGES</PARAMETER>
       <REFERENCE>X</REFERENCE>
       <TYP>/DMO/IF_FLIGHT_LEGACY=&gt;TT_MESSAGE</TYP>
      </RSEXP>
     </EXPORT>
     <DOCUMENTATION>
      <RSFDO>
       <PARAMETER>IS_TRAVEL</PARAMETER>
       <KIND>P</KIND>
       <INDEX> 001</INDEX>
      </RSFDO>
      <RSFDO>
       <PARAMETER>IT_BOOKING</PARAMETER>
       <KIND>P</KIND>
       <INDEX> 002</INDEX>
      </RSFDO>
      <RSFDO>
       <PARAMETER>IT_BOOKING_SUPPLEMENT</PARAMETER>
       <KIND>P</KIND>
       <INDEX> 003</INDEX>
      </RSFDO>
      <RSFDO>
       <PARAMETER>ES_TRAVEL</PARAMETER>
       <KIND>P</KIND>
       <INDEX> 004</INDEX>
      </RSFDO>
      <RSFDO>
       <PARAMETER>ET_BOOKING</PARAMETER>
       <KIND>P</KIND>
       <INDEX> 005</INDEX>
      </RSFDO>
      <RSFDO>
       <PARAMETER>ET_BOOKING_SUPPLEMENT</PARAMETER>
       <KIND>P</KIND>
       <INDEX> 006</INDEX>
      </RSFDO>
      <RSFDO>
       <PARAMETER>ET_MESSAGES</PARAMETER>
       <KIND>P</KIND>
       <INDEX> 007</INDEX>
      </RSFDO>
     </DOCUMENTATION>
    </item>
    <item>
     <FUNCNAME>/DMO/FLIGHT_TRAVEL_DELETE</FUNCNAME>
     <SHORT_TEXT>Flight Reference Scenario: Delete Travel Business Object</SHORT_TEXT>
     <IMPORT>
      <RSIMP>
       <PARAMETER>IV_TRAVEL_ID</PARAMETER>
       <REFERENCE>X</REFERENCE>
       <TYP>/DMO/TRAVEL_ID</TYP>
      </RSIMP>
     </IMPORT>
     <EXPORT>
      <RSEXP>
       <PARAMETER>ET_MESSAGES</PARAMETER>
       <REFERENCE>X</REFERENCE>
       <TYP>/DMO/IF_FLIGHT_LEGACY=&gt;TT_MESSAGE</TYP>
      </RSEXP>
     </EXPORT>
     <DOCUMENTATION>
      <RSFDO>
       <PARAMETER>IV_TRAVEL_ID</PARAMETER>
       <KIND>P</KIND>
       <INDEX> 001</INDEX>
      </RSFDO>
      <RSFDO>
       <PARAMETER>ET_MESSAGES</PARAMETER>
       <KIND>P</KIND>
       <INDEX> 002</INDEX>
      </RSFDO>
     </DOCUMENTATION>
    </item>
    <item>
     <FUNCNAME>/DMO/FLIGHT_TRAVEL_INITIALIZE</FUNCNAME>
     <SHORT_TEXT>Flight Reference Scenario: Discard all changes since last SAVE</SHORT_TEXT>
    </item>
    <item>
     <FUNCNAME>/DMO/FLIGHT_TRAVEL_READ</FUNCNAME>
     <SHORT_TEXT>Flight Reference Scenario: Read Travel Business Object</SHORT_TEXT>
     <IMPORT>
      <RSIMP>
       <PARAMETER>IV_TRAVEL_ID</PARAMETER>
       <REFERENCE>X</REFERENCE>
       <TYP>/DMO/TRAVEL_ID</TYP>
      </RSIMP>
      <RSIMP>
       <PARAMETER>IV_INCLUDE_BUFFER</PARAMETER>
       <DEFAULT>ABAP_TRUE</DEFAULT>
       <OPTIONAL>X</OPTIONAL>
       <REFERENCE>X</REFERENCE>
       <TYP>ABAP_BOOLEAN</TYP>
      </RSIMP>
     </IMPORT>
     <EXPORT>
      <RSEXP>
       <PARAMETER>ES_TRAVEL</PARAMETER>
       <REFERENCE>X</REFERENCE>
       <TYP>/DMO/TRAVEL</TYP>
      </RSEXP>
      <RSEXP>
       <PARAMETER>ET_BOOKING</PARAMETER>
       <REFERENCE>X</REFERENCE>
       <TYP>/DMO/IF_FLIGHT_LEGACY=&gt;TT_BOOKING</TYP>
      </RSEXP>
      <RSEXP>
       <PARAMETER>ET_BOOKING_SUPPLEMENT</PARAMETER>
       <REFERENCE>X</REFERENCE>
       <TYP>/DMO/IF_FLIGHT_LEGACY=&gt;TT_BOOKING_SUPPLEMENT</TYP>
      </RSEXP>
      <RSEXP>
       <PARAMETER>ET_MESSAGES</PARAMETER>
       <REFERENCE>X</REFERENCE>
       <TYP>/DMO/IF_FLIGHT_LEGACY=&gt;TT_MESSAGE</TYP>
      </RSEXP>
     </EXPORT>
     <DOCUMENTATION>
      <RSFDO>
       <PARAMETER>IV_TRAVEL_ID</PARAMETER>
       <KIND>P</KIND>
       <INDEX> 001</INDEX>
      </RSFDO>
      <RSFDO>
       <PARAMETER>IV_INCLUDE_BUFFER</PARAMETER>
       <KIND>P</KIND>
       <INDEX> 002</INDEX>
      </RSFDO>
      <RSFDO>
       <PARAMETER>ES_TRAVEL</PARAMETER>
       <KIND>P</KIND>
       <INDEX> 003</INDEX>
      </RSFDO>
      <RSFDO>
       <PARAMETER>ET_BOOKING</PARAMETER>
       <KIND>P</KIND>
       <INDEX> 004</INDEX>
      </RSFDO>
      <RSFDO>
       <PARAMETER>ET_BOOKING_SUPPLEMENT</PARAMETER>
       <KIND>P</KIND>
       <INDEX> 005</INDEX>
      </RSFDO>
      <RSFDO>
       <PARAMETER>ET_MESSAGES</PARAMETER>
       <KIND>P</KIND>
       <INDEX> 006</INDEX>
      </RSFDO>
     </DOCUMENTATION>
    </item>
    <item>
     <FUNCNAME>/DMO/FLIGHT_TRAVEL_SAVE</FUNCNAME>
     <SHORT_TEXT>Flight Reference Scenario: Save travel changes</SHORT_TEXT>
    </item>
    <item>
     <FUNCNAME>/DMO/FLIGHT_TRAVEL_SET_BOOKING</FUNCNAME>
     <SHORT_TEXT>Flight Reference Scenario: Set booking status</SHORT_TEXT>
     <IMPORT>
      <RSIMP>
       <PARAMETER>IV_TRAVEL_ID</PARAMETER>
       <REFERENCE>X</REFERENCE>
       <TYP>/DMO/TRAVEL-TRAVEL_ID</TYP>
      </RSIMP>
     </IMPORT>
     <EXPORT>
      <RSEXP>
       <PARAMETER>ET_MESSAGES</PARAMETER>
       <REFERENCE>X</REFERENCE>
       <TYP>/DMO/IF_FLIGHT_LEGACY=&gt;TT_MESSAGE</TYP>
      </RSEXP>
     </EXPORT>
     <DOCUMENTATION>
      <RSFDO>
       <PARAMETER>IV_TRAVEL_ID</PARAMETER>
       <KIND>P</KIND>
       <INDEX> 001</INDEX>
      </RSFDO>
      <RSFDO>
       <PARAMETER>ET_MESSAGES</PARAMETER>
       <KIND>P</KIND>
       <INDEX> 002</INDEX>
      </RSFDO>
     </DOCUMENTATION>
    </item>
    <item>
     <FUNCNAME>/DMO/FLIGHT_TRAVEL_UPDATE</FUNCNAME>
     <SHORT_TEXT>Flight Reference Scenario: Update Travel Business Object</SHORT_TEXT>
     <IMPORT>
      <RSIMP>
       <PARAMETER>IS_TRAVEL</PARAMETER>
       <REFERENCE>X</REFERENCE>
       <TYP>/DMO/IF_FLIGHT_LEGACY=&gt;TS_TRAVEL_IN</TYP>
      </RSIMP>
      <RSIMP>
       <PARAMETER>IS_TRAVELX</PARAMETER>
       <REFERENCE>X</REFERENCE>
       <TYP>/DMO/IF_FLIGHT_LEGACY=&gt;TS_TRAVEL_INX</TYP>
      </RSIMP>
      <RSIMP>
       <PARAMETER>IT_BOOKING</PARAMETER>
       <OPTIONAL>X</OPTIONAL>
       <REFERENCE>X</REFERENCE>
       <TYP>/DMO/IF_FLIGHT_LEGACY=&gt;TT_BOOKING_IN</TYP>
      </RSIMP>
      <RSIMP>
       <PARAMETER>IT_BOOKINGX</PARAMETER>
       <OPTIONAL>X</OPTIONAL>
       <REFERENCE>X</REFERENCE>
       <TYP>/DMO/IF_FLIGHT_LEGACY=&gt;TT_BOOKING_INX</TYP>
      </RSIMP>
      <RSIMP>
       <PARAMETER>IT_BOOKING_SUPPLEMENT</PARAMETER>
       <OPTIONAL>X</OPTIONAL>
       <REFERENCE>X</REFERENCE>
       <TYP>/DMO/IF_FLIGHT_LEGACY=&gt;TT_BOOKING_SUPPLEMENT_IN</TYP>
      </RSIMP>
      <RSIMP>
       <PARAMETER>IT_BOOKING_SUPPLEMENTX</PARAMETER>
       <OPTIONAL>X</OPTIONAL>
       <REFERENCE>X</REFERENCE>
       <TYP>/DMO/IF_FLIGHT_LEGACY=&gt;TT_BOOKING_SUPPLEMENT_INX</TYP>
      </RSIMP>
     </IMPORT>
     <EXPORT>
      <RSEXP>
       <PARAMETER>ES_TRAVEL</PARAMETER>
       <REFERENCE>X</REFERENCE>
       <TYP>/DMO/TRAVEL</TYP>
      </RSEXP>
      <RSEXP>
       <PARAMETER>ET_BOOKING</PARAMETER>
       <REFERENCE>X</REFERENCE>
       <TYP>/DMO/IF_FLIGHT_LEGACY=&gt;TT_BOOKING</TYP>
      </RSEXP>
      <RSEXP>
       <PARAMETER>ET_BOOKING_SUPPLEMENT</PARAMETER>
       <REFERENCE>X</REFERENCE>
       <TYP>/DMO/IF_FLIGHT_LEGACY=&gt;TT_BOOKING_SUPPLEMENT</TYP>
      </RSEXP>
      <RSEXP>
       <PARAMETER>ET_MESSAGES</PARAMETER>
       <REFERENCE>X</REFERENCE>
       <TYP>/DMO/IF_FLIGHT_LEGACY=&gt;TT_MESSAGE</TYP>
      </RSEXP>
     </EXPORT>
     <DOCUMENTATION>
      <RSFDO>
       <PARAMETER>IS_TRAVEL</PARAMETER>
       <KIND>P</KIND>
       <INDEX> 001</INDEX>
      </RSFDO>
      <RSFDO>
       <PARAMETER>IS_TRAVELX</PARAMETER>
       <KIND>P</KIND>
       <INDEX> 002</INDEX>
      </RSFDO>
      <RSFDO>
       <PARAMETER>IT_BOOKING</PARAMETER>
       <KIND>P</KIND>
       <INDEX> 003</INDEX>
      </RSFDO>
      <RSFDO>
       <PARAMETER>IT_BOOKINGX</PARAMETER>
       <KIND>P</KIND>
       <INDEX> 004</INDEX>
      </RSFDO>
      <RSFDO>
       <PARAMETER>IT_BOOKING_SUPPLEMENT</PARAMETER>
       <KIND>P</KIND>
       <INDEX> 005</INDEX>
      </RSFDO>
      <RSFDO>
       <PARAMETER>IT_BOOKING_SUPPLEMENTX</PARAMETER>
       <KIND>P</KIND>
       <INDEX> 006</INDEX>
      </RSFDO>
      <RSFDO>
       <PARAMETER>ES_TRAVEL</PARAMETER>
       <KIND>P</KIND>
       <INDEX> 007</INDEX>
      </RSFDO>
      <RSFDO>
       <PARAMETER>ET_BOOKING</PARAMETER>
       <KIND>P</KIND>
       <INDEX> 008</INDEX>
      </RSFDO>
      <RSFDO>
       <PARAMETER>ET_BOOKING_SUPPLEMENT</PARAMETER>
       <KIND>P</KIND>
       <INDEX> 009</INDEX>
      </RSFDO>
      <RSFDO>
       <PARAMETER>ET_MESSAGES</PARAMETER>
       <KIND>P</KIND>
       <INDEX> 010</INDEX>
      </RSFDO>
     </DOCUMENTATION>
    </item>
   </FUNCTIONS>
   <CUA>
    <ADM>
     <ACTCODE>000001</ACTCODE>
     <PFKCODE>000001</PFKCODE>
    </ADM>
    <STA>
     <RSMPE_STAT>
      <CODE>DUMMY</CODE>
      <MODAL>D</MODAL>
      <ACTCODE>000001</ACTCODE>
      <PFKCODE>000001</PFKCODE>
      <BUTCODE>0001</BUTCODE>
      <INT_NOTE>DUMMY</INT_NOTE>
     </RSMPE_STAT>
    </STA>
    <DOC>
     <RSMPE_ATRT>
      <OBJ_TYPE>A</OBJ_TYPE>
      <OBJ_CODE>000001</OBJ_CODE>
      <MODAL>D</MODAL>
      <INT_NOTE>DUMMY</INT_NOTE>
     </RSMPE_ATRT>
     <RSMPE_ATRT>
      <OBJ_TYPE>P</OBJ_TYPE>
      <OBJ_CODE>000001</OBJ_CODE>
      <MODAL>D</MODAL>
      <INT_NOTE>DUMMY</INT_NOTE>
     </RSMPE_ATRT>
     <RSMPE_ATRT>
      <OBJ_TYPE>B</OBJ_TYPE>
      <OBJ_CODE>000001</OBJ_CODE>
      <SUB_CODE>0001</SUB_CODE>
      <MODAL>D</MODAL>
      <INT_NOTE>DUMMY</INT_NOTE>
     </RSMPE_ATRT>
    </DOC>
   </CUA>
  </asx:values>
 </asx:abap>
</abapGit>
