﻿<?xml version="1.0" encoding="utf-8"?>
<abapGit version="v1.0.0" serializer="LCL_OBJECT_CLAS" serializer_version="v1.0.0">
 <asx:abap xmlns:asx="http://www.sap.com/abapxml" version="1.0">
  <asx:values>
   <VSEOCLASS>
    <CLSNAME>/DMO/TC_FLIGHT_TRAVEL_API</CLSNAME>
    <LANGU>E</LANGU>
    <DESCRIPT>Test function modules of /DMO/FLIGHT_TRAVEL_API</DESCRIPT>
    <CATEGORY>05</CATEGORY>
    <STATE>1</STATE>
    <CLSCCINCL>X</CLSCCINCL>
    <FIXPT>X</FIXPT>
    <UNICODE>X</UNICODE>
    <WITH_UNIT_TESTS>X</WITH_UNIT_TESTS>
    <DURATION_TYPE>24</DURATION_TYPE>
    <RISK_LEVEL>11</RISK_LEVEL>
   </VSEOCLASS>
  </asx:values>
 </asx:abap>
</abapGit>
