﻿<?xml version="1.0" encoding="utf-8"?>
<abapGit version="v1.0.0" serializer="LCL_OBJECT_DOMA" serializer_version="v1.0.0">
 <asx:abap xmlns:asx="http://www.sap.com/abapxml" version="1.0">
  <asx:values>
   <DD01V>
    <DOMNAME>/DMO/PLANE_SEATS</DOMNAME>
    <DDLANGUAGE>E</DDLANGUAGE>
    <DATATYPE>INT4</DATATYPE>
    <LENG>000010</LENG>
    <OUTPUTLEN>000011</OUTPUTLEN>
    <DDTEXT>Flight Reference Scenario: Plane Seats</DDTEXT>
    <DOMMASTER>E</DOMMASTER>
   </DD01V>
  </asx:values>
 </asx:abap>
</abapGit>
