<?xml version="1.0" encoding="UTF-8"?><vm version="2.0"><group id="a9961d1f-3ad0-7c60-6b20-e85d174c9bed"><entry><agency>POS</agency><schema>pos:gk:gender</schema><value>M</value></entry><entry><agency>GK</agency><schema>pos:gk:gender</schema><value>MAN</value></entry></group><group id="4d7a3aed-e7d2-3dd0-33f1-f59e6d63b868"><entry><agency>POS</agency><schema>pos:gk:gender</schema><value>F</value></entry><entry><agency>GK</agency><schema>pos:gk:gender</schema><value>WOMAN</value></entry></group></vm>