<?xml version="1.0" encoding="UTF-8"?><vm version="2.0"><group id="db1b27607294fce34fac4afcf02e82e5"><entry><agency>POS</agency><schema>pos:s4:title</schema><value>Ms</value></entry><entry><agency>S4</agency><schema>pos:s4:title</schema><value>0001</value></entry></group><group id="6f81dcc6a49b0343bf8481e21c421514"><entry><agency>POS</agency><schema>pos:s4:title</schema><value>Mr</value></entry><entry><agency>S4</agency><schema>pos:s4:title</schema><value>0002</value></entry></group><group id="f1b592fbf4069ad277947da158b74e90"><entry><agency>POS</agency><schema>pos:s4:title</schema><value>Mrs</value></entry><entry><agency>S4</agency><schema>pos:s4:title</schema><value>9000</value></entry></group><group id="fbba5d24cf652571828dddb9d009cf5f"><entry><agency>POS</agency><schema>pos:s4:title</schema><value>Miss</value></entry><entry><agency>S4</agency><schema>pos:s4:title</schema><value>9001</value></entry></group><group id="a33af259835993707dda51c985cf6ad1"><entry><agency>POS</agency><schema>pos:s4:title</schema><value>Dr</value></entry><entry><agency>S4</agency><schema>pos:s4:title</schema><value>9002</value></entry></group><group id="4776f7dda23cbbe3cb3827bef10f3c4d"><entry><agency>POS</agency><schema>pos:s4:title</schema><value>Prof</value></entry><entry><agency>S4</agency><schema>pos:s4:title</schema><value>9003</value></entry></group></vm>